{
  "rl_step_count": 1000,
  "n_sampled": 4998,
  "valid": 4998,
  "invalid": 0,
  "unique": 4998,
  "valid_rate": 0.9999999999997998,
  "qed_mean": 0.47749449077180833,
  "qed_top10": 0.9322054923915245,
  "novelty_mean": 0.8070295351408464,
  "novelty_top10": 0.8438730539694284
}