{
  "Task 4.2/L": 1776573265.49346,
  "Task 4.2/E": 1776573661.155849,
  "Task 4.2/A": 1776575170.956192
}
