{
  "Task 4.2/L": 1776573265.49346,
  "Task 4.2/E": 1776573403.0091121
}
