{
  "Task 4.2/L": 1776573265.49346,
  "Task 4.2/E": 1776573661.155849,
  "Task 4.2/A": 1776652499.525803,
  "Task 1.2/E": 1776806453.03133
}
