{
  "Task 4.2/L": 1776573265.49346,
  "Task 4.2/E": 1776573661.155849,
  "Task 4.2/A": 1776652499.525803,
  "Task 1.2/E": 1776888056.60353,
  "Task 1.2/A": 1776892141.5008729,
  "Task 1.2/S": 1776892213.246351,
  "Task 1.2/X": 1776892347.207059,
  "Task 1.3/P": 1776898460.332483,
  "Task 1.3/L": 1776899074.787852
}
