{
  "cooldowns": {
    "L0_wiki_interlink_batch": 1776843665.7735739,
    "W0_scaffold_cluster": 1776843932.479192,
    "W0_qed_lipinski_filter": 1776842458.498407,
    "W0_tanimoto_matrix": 1776843058.1424918,
    "W0_utilization_booster": 1776842719.907082
  },
  "weights": {
    "L0_wiki_interlink_batch": 1.0,
    "W0_scaffold_cluster": 1.0,
    "W0_qed_lipinski_filter": 1.0,
    "W0_tanimoto_matrix": 1.0,
    "cheaha_vina_top20": 1.0
  }
}