{
  "cooldowns": {
    "L0_wiki_interlink_batch": 1776700557.9032161,
    "W0_scaffold_cluster": 1776700834.779818,
    "W0_qed_lipinski_filter": 1776699353.181618,
    "W0_tanimoto_matrix": 1776699961.099684,
    "W0_utilization_booster": 1776699630.2859771
  },
  "weights": {
    "L0_wiki_interlink_batch": 1.0,
    "W0_scaffold_cluster": 1.0,
    "W0_qed_lipinski_filter": 1.0,
    "W0_tanimoto_matrix": 1.0,
    "cheaha_vina_top20": 1.0
  }
}