{
  "cooldowns": {
    "L0_wiki_interlink_batch": 1776604245.839369,
    "W0_scaffold_cluster": 1776604831.932448,
    "W0_qed_lipinski_filter": 1776603328.6792479,
    "W0_tanimoto_matrix": 1776603657.040519
  },
  "weights": {
    "L0_wiki_interlink_batch": 1.0,
    "W0_scaffold_cluster": 1.0,
    "W0_qed_lipinski_filter": 1.0,
    "W0_tanimoto_matrix": 1.0,
    "cheaha_vina_top20": 1.0
  }
}