{
  "cooldowns": {
    "L0_wiki_interlink_batch": 1776721900.8363242,
    "W0_scaffold_cluster": 1776718510.831103,
    "W0_qed_lipinski_filter": 1776720092.015598,
    "W0_tanimoto_matrix": 1776721286.4466848,
    "W0_utilization_booster": 1776720308.4674728
  },
  "weights": {
    "L0_wiki_interlink_batch": 1.0,
    "W0_scaffold_cluster": 1.0,
    "W0_qed_lipinski_filter": 1.0,
    "W0_tanimoto_matrix": 1.0,
    "cheaha_vina_top20": 1.0
  }
}