{
  "cooldowns": {
    "L0_wiki_interlink_batch": 1776674159.67995,
    "W0_scaffold_cluster": 1776672305.2869272,
    "W0_qed_lipinski_filter": 1776673233.758291,
    "W0_tanimoto_matrix": 1776673832.660788,
    "W0_utilization_booster": 1776673558.764357
  },
  "weights": {
    "L0_wiki_interlink_batch": 1.0,
    "W0_scaffold_cluster": 1.0,
    "W0_qed_lipinski_filter": 1.0,
    "W0_tanimoto_matrix": 1.0,
    "cheaha_vina_top20": 1.0
  }
}