{
  "cooldowns": {
    "L0_wiki_interlink_batch": 1776589864.644927,
    "W0_scaffold_cluster": 1776590454.3821208,
    "W0_qed_lipinski_filter": 1776591038.058711,
    "W0_tanimoto_matrix": 1776589269.490881
  },
  "weights": {
    "L0_wiki_interlink_batch": 1.0,
    "W0_scaffold_cluster": 1.0,
    "W0_qed_lipinski_filter": 1.0,
    "W0_tanimoto_matrix": 1.0,
    "cheaha_vina_top20": 1.0
  }
}