{
  "cooldowns": {
    "L0_wiki_interlink_batch": 1776678620.5710652,
    "W0_scaffold_cluster": 1776678945.895314,
    "W0_qed_lipinski_filter": 1776679218.59792,
    "W0_tanimoto_matrix": 1776678348.735082,
    "W0_utilization_booster": 1776679818.762644
  },
  "weights": {
    "L0_wiki_interlink_batch": 1.0,
    "W0_scaffold_cluster": 1.0,
    "W0_qed_lipinski_filter": 1.0,
    "W0_tanimoto_matrix": 1.0,
    "cheaha_vina_top20": 1.0
  }
}