{
  "cooldowns": {
    "L0_wiki_interlink_batch": 1776610262.6766798,
    "W0_scaffold_cluster": 1776610855.716393,
    "W0_qed_lipinski_filter": 1776609347.45194,
    "W0_tanimoto_matrix": 1776609932.5200799
  },
  "weights": {
    "L0_wiki_interlink_batch": 1.0,
    "W0_scaffold_cluster": 1.0,
    "W0_qed_lipinski_filter": 1.0,
    "W0_tanimoto_matrix": 1.0,
    "cheaha_vina_top20": 1.0
  }
}