{
  "cooldowns": {
    "L0_wiki_interlink_batch": 1776602151.578086,
    "W0_scaffold_cluster": 1776600650.957234,
    "W0_qed_lipinski_filter": 1776601239.985523,
    "W0_tanimoto_matrix": 1776601828.256941
  },
  "weights": {
    "L0_wiki_interlink_batch": 1.0,
    "W0_scaffold_cluster": 1.0,
    "W0_qed_lipinski_filter": 1.0,
    "W0_tanimoto_matrix": 1.0,
    "cheaha_vina_top20": 1.0
  }
}