{
  "cooldowns": {
    "L0_wiki_interlink_batch": 1776778825.009512,
    "W0_scaffold_cluster": 1776779426.3704078,
    "W0_qed_lipinski_filter": 1776779756.748204,
    "W0_tanimoto_matrix": 1776778560.842979,
    "W0_utilization_booster": 1776778231.316441
  },
  "weights": {
    "L0_wiki_interlink_batch": 1.0,
    "W0_scaffold_cluster": 1.0,
    "W0_qed_lipinski_filter": 1.0,
    "W0_tanimoto_matrix": 1.0,
    "cheaha_vina_top20": 1.0
  }
}