{
  "cooldowns": {
    "L0_wiki_interlink_batch": 1776587755.505624,
    "W0_scaffold_cluster": 1776588345.493168,
    "W0_qed_lipinski_filter": 1776588934.660439,
    "W0_tanimoto_matrix": 1776589269.490881
  },
  "weights": {
    "L0_wiki_interlink_batch": 1.0,
    "W0_scaffold_cluster": 1.0,
    "W0_qed_lipinski_filter": 1.0,
    "W0_tanimoto_matrix": 1.0,
    "cheaha_vina_top20": 1.0
  }
}