{
  "cooldowns": {
    "L0_wiki_interlink_batch": 1776735058.51368,
    "W0_scaffold_cluster": 1776735652.3361049,
    "W0_qed_lipinski_filter": 1776736245.8081799,
    "W0_tanimoto_matrix": 1776737430.252961,
    "W0_utilization_booster": 1776736837.267893
  },
  "weights": {
    "L0_wiki_interlink_batch": 1.0,
    "W0_scaffold_cluster": 1.0,
    "W0_qed_lipinski_filter": 1.0,
    "W0_tanimoto_matrix": 1.0,
    "cheaha_vina_top20": 1.0
  }
}