{
  "cooldowns": {
    "L0_wiki_interlink_batch": 1776888357.416929,
    "W0_scaffold_cluster": 1776888663.759831,
    "W0_qed_lipinski_filter": 1776889214.697233,
    "W0_tanimoto_matrix": 1776888055.108634,
    "W0_utilization_booster": 1776889547.434239
  },
  "weights": {
    "L0_wiki_interlink_batch": 1.0,
    "W0_scaffold_cluster": 1.0,
    "W0_qed_lipinski_filter": 1.0,
    "W0_tanimoto_matrix": 1.0,
    "cheaha_vina_top20": 1.0
  }
}