{
  "cooldowns": {
    "L0_wiki_interlink_batch": 1776741037.215178,
    "W0_scaffold_cluster": 1776738027.101856,
    "W0_qed_lipinski_filter": 1776738353.062253,
    "W0_tanimoto_matrix": 1776740717.531144,
    "W0_utilization_booster": 1776738950.307402
  },
  "weights": {
    "L0_wiki_interlink_batch": 1.0,
    "W0_scaffold_cluster": 1.0,
    "W0_qed_lipinski_filter": 1.0,
    "W0_tanimoto_matrix": 1.0,
    "cheaha_vina_top20": 1.0
  }
}