{
  "cooldowns": {
    "L0_wiki_interlink_batch": 1776894629.555255,
    "W0_scaffold_cluster": 1776894957.094481,
    "W0_qed_lipinski_filter": 1776891321.9946759,
    "W0_tanimoto_matrix": 1776894038.1702201,
    "W0_utilization_booster": 1776891663.214452
  },
  "weights": {
    "L0_wiki_interlink_batch": 1.0,
    "W0_scaffold_cluster": 1.0,
    "W0_qed_lipinski_filter": 1.0,
    "W0_tanimoto_matrix": 1.0,
    "cheaha_vina_top20": 1.0
  }
}