{
  "cooldowns": {
    "L0_wiki_interlink_batch": 1776875124.0297,
    "W0_scaffold_cluster": 1776875466.978352,
    "W0_qed_lipinski_filter": 1776876341.154302,
    "W0_tanimoto_matrix": 1776874857.3455832,
    "W0_utilization_booster": 1776876620.447653
  },
  "weights": {
    "L0_wiki_interlink_batch": 1.0,
    "W0_scaffold_cluster": 1.0,
    "W0_qed_lipinski_filter": 1.0,
    "W0_tanimoto_matrix": 1.0,
    "cheaha_vina_top20": 1.0
  }
}