{
  "cooldowns": {
    "L0_wiki_interlink_batch": 1776636620.21281,
    "W0_scaffold_cluster": 1776634843.295868,
    "W0_qed_lipinski_filter": 1776635758.277588,
    "W0_tanimoto_matrix": 1776636350.812086,
    "W0_utilization_booster": 1776636026.8685791
  },
  "weights": {
    "L0_wiki_interlink_batch": 1.0,
    "W0_scaffold_cluster": 1.0,
    "W0_qed_lipinski_filter": 1.0,
    "W0_tanimoto_matrix": 1.0,
    "cheaha_vina_top20": 1.0
  }
}