{
  "cooldowns": {
    "L0_wiki_interlink_batch": 1776643533.875434,
    "W0_scaffold_cluster": 1776643866.5054631,
    "W0_qed_lipinski_filter": 1776644133.3255801,
    "W0_tanimoto_matrix": 1776643268.897741,
    "W0_utilization_booster": 1776642936.0754461
  },
  "weights": {
    "L0_wiki_interlink_batch": 1.0,
    "W0_scaffold_cluster": 1.0,
    "W0_qed_lipinski_filter": 1.0,
    "W0_tanimoto_matrix": 1.0,
    "cheaha_vina_top20": 1.0
  }
}