{
  "cooldowns": {
    "L0_wiki_interlink_batch": 1776718301.8960588,
    "W0_scaffold_cluster": 1776715843.6839821,
    "W0_qed_lipinski_filter": 1776716207.2024372,
    "W0_tanimoto_matrix": 1776717732.274732,
    "W0_utilization_booster": 1776717199.1341062
  },
  "weights": {
    "L0_wiki_interlink_batch": 1.0,
    "W0_scaffold_cluster": 1.0,
    "W0_qed_lipinski_filter": 1.0,
    "W0_tanimoto_matrix": 1.0,
    "cheaha_vina_top20": 1.0
  }
}