{
  "cooldowns": {
    "L0_wiki_interlink_batch": 1776807666.157685,
    "W0_scaffold_cluster": 1776807933.3036,
    "W0_qed_lipinski_filter": 1776808544.334186,
    "W0_tanimoto_matrix": 1776809144.985682,
    "W0_utilization_booster": 1776808813.718406
  },
  "weights": {
    "L0_wiki_interlink_batch": 1.0,
    "W0_scaffold_cluster": 1.0,
    "W0_qed_lipinski_filter": 1.0,
    "W0_tanimoto_matrix": 1.0,
    "cheaha_vina_top20": 1.0
  }
}