{
  "cooldowns": {
    "L0_wiki_interlink_batch": 1776859241.936587,
    "W0_scaffold_cluster": 1776859843.261975,
    "W0_qed_lipinski_filter": 1776857758.461139,
    "W0_tanimoto_matrix": 1776858636.392593,
    "W0_utilization_booster": 1776858035.471352
  },
  "weights": {
    "L0_wiki_interlink_batch": 1.0,
    "W0_scaffold_cluster": 1.0,
    "W0_qed_lipinski_filter": 1.0,
    "W0_tanimoto_matrix": 1.0,
    "cheaha_vina_top20": 1.0
  }
}