{
  "cooldowns": {
    "L0_wiki_interlink_batch": 1776612632.3321118,
    "W0_scaffold_cluster": 1776610855.716393,
    "W0_qed_lipinski_filter": 1776611447.879271,
    "W0_tanimoto_matrix": 1776612040.77372
  },
  "weights": {
    "L0_wiki_interlink_batch": 1.0,
    "W0_scaffold_cluster": 1.0,
    "W0_qed_lipinski_filter": 1.0,
    "W0_tanimoto_matrix": 1.0,
    "cheaha_vina_top20": 1.0
  }
}