{
  "cooldowns": {
    "L0_wiki_interlink_batch": 1776792639.662669,
    "W0_scaffold_cluster": 1776793241.471967,
    "W0_qed_lipinski_filter": 1776793834.1575592,
    "W0_tanimoto_matrix": 1776794426.637558,
    "W0_utilization_booster": 1776794161.485989
  },
  "weights": {
    "L0_wiki_interlink_batch": 1.0,
    "W0_scaffold_cluster": 1.0,
    "W0_qed_lipinski_filter": 1.0,
    "W0_tanimoto_matrix": 1.0,
    "cheaha_vina_top20": 1.0
  }
}