{
  "cooldowns": {
    "L0_wiki_interlink_batch": 1776659436.1626198,
    "W0_scaffold_cluster": 1776659760.397393,
    "W0_qed_lipinski_filter": 1776660022.4409962,
    "W0_tanimoto_matrix": 1776660615.644246,
    "W0_utilization_booster": 1776660345.46151
  },
  "weights": {
    "L0_wiki_interlink_batch": 1.0,
    "W0_scaffold_cluster": 1.0,
    "W0_qed_lipinski_filter": 1.0,
    "W0_tanimoto_matrix": 1.0,
    "cheaha_vina_top20": 1.0
  }
}