{
  "cooldowns": {
    "L0_wiki_interlink_batch": 1776832244.759561,
    "W0_scaffold_cluster": 1776833746.6796749,
    "W0_qed_lipinski_filter": 1776834010.164906,
    "W0_tanimoto_matrix": 1776831657.789222,
    "W0_utilization_booster": 1776834339.038631
  },
  "weights": {
    "L0_wiki_interlink_batch": 1.0,
    "W0_scaffold_cluster": 1.0,
    "W0_qed_lipinski_filter": 1.0,
    "W0_tanimoto_matrix": 1.0,
    "cheaha_vina_top20": 1.0
  }
}