{
  "cooldowns": {
    "L0_wiki_interlink_batch": 1776796858.174874,
    "W0_scaffold_cluster": 1776797450.790159,
    "W0_qed_lipinski_filter": 1776797720.788893,
    "W0_tanimoto_matrix": 1776796518.872401,
    "W0_utilization_booster": 1776796253.154166
  },
  "weights": {
    "L0_wiki_interlink_batch": 1.0,
    "W0_scaffold_cluster": 1.0,
    "W0_qed_lipinski_filter": 1.0,
    "W0_tanimoto_matrix": 1.0,
    "cheaha_vina_top20": 1.0
  }
}