{
  "cooldowns": {
    "L0_wiki_interlink_batch": 1776783040.426741,
    "W0_scaffold_cluster": 1776784248.880449,
    "W0_qed_lipinski_filter": 1776784514.955606,
    "W0_tanimoto_matrix": 1776782701.889201,
    "W0_utilization_booster": 1776784854.086435
  },
  "weights": {
    "L0_wiki_interlink_batch": 1.0,
    "W0_scaffold_cluster": 1.0,
    "W0_qed_lipinski_filter": 1.0,
    "W0_tanimoto_matrix": 1.0,
    "cheaha_vina_top20": 1.0
  }
}