{
  "cooldowns": {
    "L0_wiki_interlink_batch": 1776830152.741184,
    "W0_scaffold_cluster": 1776830742.430779,
    "W0_qed_lipinski_filter": 1776831007.737611,
    "W0_tanimoto_matrix": 1776831657.789222,
    "W0_utilization_booster": 1776831329.471781
  },
  "weights": {
    "L0_wiki_interlink_batch": 1.0,
    "W0_scaffold_cluster": 1.0,
    "W0_qed_lipinski_filter": 1.0,
    "W0_tanimoto_matrix": 1.0,
    "cheaha_vina_top20": 1.0
  }
}