{
  "cooldowns": {
    "L0_wiki_interlink_batch": 1776579655.674711,
    "W0_scaffold_cluster": 1776578140.1492639,
    "W0_qed_lipinski_filter": 1776578410.4563231,
    "W0_tanimoto_matrix": 1776579064.4714382
  },
  "weights": {
    "L0_wiki_interlink_batch": 1.0,
    "W0_scaffold_cluster": 1.0,
    "W0_qed_lipinski_filter": 1.0,
    "W0_tanimoto_matrix": 1.0,
    "cheaha_vina_top20": 1.0
  }
}