{
  "cooldowns": {
    "L0_wiki_interlink_batch": 1776667860.7357728,
    "W0_scaffold_cluster": 1776668124.724908,
    "W0_qed_lipinski_filter": 1776668724.085361,
    "W0_tanimoto_matrix": 1776667261.2633548,
    "W0_utilization_booster": 1776669056.686084
  },
  "weights": {
    "L0_wiki_interlink_batch": 1.0,
    "W0_scaffold_cluster": 1.0,
    "W0_qed_lipinski_filter": 1.0,
    "W0_tanimoto_matrix": 1.0,
    "cheaha_vina_top20": 1.0
  }
}