{
  "cooldowns": {
    "L0_wiki_interlink_batch": 1776812444.78864,
    "W0_scaffold_cluster": 1776812712.021653,
    "W0_qed_lipinski_filter": 1776813050.804375,
    "W0_tanimoto_matrix": 1776811836.407375,
    "W0_utilization_booster": 1776811236.3437738
  },
  "weights": {
    "L0_wiki_interlink_batch": 1.0,
    "W0_scaffold_cluster": 1.0,
    "W0_qed_lipinski_filter": 1.0,
    "W0_tanimoto_matrix": 1.0,
    "cheaha_vina_top20": 1.0
  }
}