{
  "cooldowns": {
    "L0_wiki_interlink_batch": 1776760259.55757,
    "W0_scaffold_cluster": 1776760528.38203,
    "W0_qed_lipinski_filter": 1776760867.0214121,
    "W0_tanimoto_matrix": 1776759658.54651,
    "W0_utilization_booster": 1776759318.550786
  },
  "weights": {
    "L0_wiki_interlink_batch": 1.0,
    "W0_scaffold_cluster": 1.0,
    "W0_qed_lipinski_filter": 1.0,
    "W0_tanimoto_matrix": 1.0,
    "cheaha_vina_top20": 1.0
  }
}