{
  "cooldowns": {
    "L0_wiki_interlink_batch": 1776686432.006198,
    "W0_scaffold_cluster": 1776687352.4036229,
    "W0_qed_lipinski_filter": 1776685225.2833338,
    "W0_tanimoto_matrix": 1776686154.824029,
    "W0_utilization_booster": 1776685553.499924
  },
  "weights": {
    "L0_wiki_interlink_batch": 1.0,
    "W0_scaffold_cluster": 1.0,
    "W0_qed_lipinski_filter": 1.0,
    "W0_tanimoto_matrix": 1.0,
    "cheaha_vina_top20": 1.0
  }
}