{
  "cooldowns": {
    "L0_wiki_interlink_batch": 1776805857.953287,
    "W0_scaffold_cluster": 1776806114.1633222,
    "W0_qed_lipinski_filter": 1776806451.994567,
    "W0_tanimoto_matrix": 1776807326.784707,
    "W0_utilization_booster": 1776806720.57132
  },
  "weights": {
    "L0_wiki_interlink_batch": 1.0,
    "W0_scaffold_cluster": 1.0,
    "W0_qed_lipinski_filter": 1.0,
    "W0_tanimoto_matrix": 1.0,
    "cheaha_vina_top20": 1.0
  }
}