{
  "cooldowns": {
    "L0_wiki_interlink_batch": 1776805857.953287,
    "W0_scaffold_cluster": 1776804053.1384478,
    "W0_qed_lipinski_filter": 1776804318.8500428,
    "W0_tanimoto_matrix": 1776805517.311719,
    "W0_utilization_booster": 1776804656.281148
  },
  "weights": {
    "L0_wiki_interlink_batch": 1.0,
    "W0_scaffold_cluster": 1.0,
    "W0_qed_lipinski_filter": 1.0,
    "W0_tanimoto_matrix": 1.0,
    "cheaha_vina_top20": 1.0
  }
}