{
  "cooldowns": {
    "L0_wiki_interlink_batch": 1776818128.159252,
    "W0_scaffold_cluster": 1776814514.629161,
    "W0_qed_lipinski_filter": 1776814856.262742,
    "W0_tanimoto_matrix": 1776816929.1439612,
    "W0_utilization_booster": 1776815727.798652
  },
  "weights": {
    "L0_wiki_interlink_batch": 1.0,
    "W0_scaffold_cluster": 1.0,
    "W0_qed_lipinski_filter": 1.0,
    "W0_tanimoto_matrix": 1.0,
    "cheaha_vina_top20": 1.0
  }
}