{
  "cooldowns": {
    "L0_wiki_interlink_batch": 1776696648.722513,
    "W0_scaffold_cluster": 1776696916.8133981,
    "W0_qed_lipinski_filter": 1776695441.013189,
    "W0_tanimoto_matrix": 1776696043.944225,
    "W0_utilization_booster": 1776695704.543926
  },
  "weights": {
    "L0_wiki_interlink_batch": 1.0,
    "W0_scaffold_cluster": 1.0,
    "W0_qed_lipinski_filter": 1.0,
    "W0_tanimoto_matrix": 1.0,
    "cheaha_vina_top20": 1.0
  }
}