{
  "cooldowns": {
    "L0_wiki_interlink_batch": 1776753663.923248,
    "W0_scaffold_cluster": 1776754252.815905,
    "W0_qed_lipinski_filter": 1776754845.685389,
    "W0_tanimoto_matrix": 1776753332.039232,
    "W0_utilization_booster": 1776753008.6297019
  },
  "weights": {
    "L0_wiki_interlink_batch": 1.0,
    "W0_scaffold_cluster": 1.0,
    "W0_qed_lipinski_filter": 1.0,
    "W0_tanimoto_matrix": 1.0,
    "cheaha_vina_top20": 1.0
  }
}