{
  "cooldowns": {
    "L0_wiki_interlink_batch": 1776873031.16841,
    "W0_scaffold_cluster": 1776873638.40809,
    "W0_qed_lipinski_filter": 1776874247.4539258,
    "W0_tanimoto_matrix": 1776874857.3455832,
    "W0_utilization_booster": 1776874516.791156
  },
  "weights": {
    "L0_wiki_interlink_batch": 1.0,
    "W0_scaffold_cluster": 1.0,
    "W0_qed_lipinski_filter": 1.0,
    "W0_tanimoto_matrix": 1.0,
    "cheaha_vina_top20": 1.0
  }
}