{
  "cooldowns": {
    "L0_wiki_interlink_batch": 1776665737.7635462,
    "W0_scaffold_cluster": 1776664232.513679,
    "W0_qed_lipinski_filter": 1776664556.100517,
    "W0_tanimoto_matrix": 1776665146.041085,
    "W0_utilization_booster": 1776664823.477607
  },
  "weights": {
    "L0_wiki_interlink_batch": 1.0,
    "W0_scaffold_cluster": 1.0,
    "W0_qed_lipinski_filter": 1.0,
    "W0_tanimoto_matrix": 1.0,
    "cheaha_vina_top20": 1.0
  }
}