{
  "cooldowns": {
    "L0_wiki_interlink_batch": 1776694231.17227,
    "W0_scaffold_cluster": 1776694832.48431,
    "W0_qed_lipinski_filter": 1776693361.201535,
    "W0_tanimoto_matrix": 1776693960.918991,
    "W0_utilization_booster": 1776693630.639999
  },
  "weights": {
    "L0_wiki_interlink_batch": 1.0,
    "W0_scaffold_cluster": 1.0,
    "W0_qed_lipinski_filter": 1.0,
    "W0_tanimoto_matrix": 1.0,
    "cheaha_vina_top20": 1.0
  }
}