{
  "cooldowns": {
    "L0_wiki_interlink_batch": 1776705137.57778,
    "W0_scaffold_cluster": 1776702934.9933171,
    "W0_qed_lipinski_filter": 1776703369.629062,
    "W0_tanimoto_matrix": 1776704728.3851619,
    "W0_utilization_booster": 1776704158.173664
  },
  "weights": {
    "L0_wiki_interlink_batch": 1.0,
    "W0_scaffold_cluster": 1.0,
    "W0_qed_lipinski_filter": 1.0,
    "W0_tanimoto_matrix": 1.0,
    "cheaha_vina_top20": 1.0
  }
}