{
  "cooldowns": {
    "L0_wiki_interlink_batch": 1776638723.839788,
    "W0_scaffold_cluster": 1776639054.7571352,
    "W0_qed_lipinski_filter": 1776639913.462613,
    "W0_tanimoto_matrix": 1776638459.555462,
    "W0_utilization_booster": 1776640833.051462
  },
  "weights": {
    "L0_wiki_interlink_batch": 1.0,
    "W0_scaffold_cluster": 1.0,
    "W0_qed_lipinski_filter": 1.0,
    "W0_tanimoto_matrix": 1.0,
    "cheaha_vina_top20": 1.0
  }
}