{
  "cooldowns": {
    "L0_wiki_interlink_batch": 1776798667.320261,
    "W0_scaffold_cluster": 1776799547.099635,
    "W0_qed_lipinski_filter": 1776797720.788893,
    "W0_tanimoto_matrix": 1776798326.900676,
    "W0_utilization_booster": 1776798056.156537
  },
  "weights": {
    "L0_wiki_interlink_batch": 1.0,
    "W0_scaffold_cluster": 1.0,
    "W0_qed_lipinski_filter": 1.0,
    "W0_tanimoto_matrix": 1.0,
    "cheaha_vina_top20": 1.0
  }
}