{
  "cooldowns": {
    "L0_wiki_interlink_batch": 1776581741.8256571,
    "W0_scaffold_cluster": 1776582330.326292,
    "W0_qed_lipinski_filter": 1776580831.368784,
    "W0_tanimoto_matrix": 1776581153.9332612
  },
  "weights": {
    "L0_wiki_interlink_batch": 1.0,
    "W0_scaffold_cluster": 1.0,
    "W0_qed_lipinski_filter": 1.0,
    "W0_tanimoto_matrix": 1.0,
    "cheaha_vina_top20": 1.0
  }
}