{
  "cooldowns": {
    "L0_wiki_interlink_batch": 1776771637.426671,
    "W0_scaffold_cluster": 1776772236.427773,
    "W0_qed_lipinski_filter": 1776772837.306974,
    "W0_tanimoto_matrix": 1776770761.559436,
    "W0_utilization_booster": 1776773440.995798
  },
  "weights": {
    "L0_wiki_interlink_batch": 1.0,
    "W0_scaffold_cluster": 1.0,
    "W0_qed_lipinski_filter": 1.0,
    "W0_tanimoto_matrix": 1.0,
    "cheaha_vina_top20": 1.0
  }
}