{
  "cooldowns": {
    "L0_wiki_interlink_batch": 1776672048.6120908,
    "W0_scaffold_cluster": 1776672305.2869272,
    "W0_qed_lipinski_filter": 1776670852.205012,
    "W0_tanimoto_matrix": 1776671449.203499,
    "W0_utilization_booster": 1776671115.6385632
  },
  "weights": {
    "L0_wiki_interlink_batch": 1.0,
    "W0_scaffold_cluster": 1.0,
    "W0_qed_lipinski_filter": 1.0,
    "W0_tanimoto_matrix": 1.0,
    "cheaha_vina_top20": 1.0
  }
}