{
  "cooldowns": {
    "L0_wiki_interlink_batch": 1776645663.678592,
    "W0_scaffold_cluster": 1776643866.5054631,
    "W0_qed_lipinski_filter": 1776644133.3255801,
    "W0_tanimoto_matrix": 1776645330.971479,
    "W0_utilization_booster": 1776645065.595073
  },
  "weights": {
    "L0_wiki_interlink_batch": 1.0,
    "W0_scaffold_cluster": 1.0,
    "W0_qed_lipinski_filter": 1.0,
    "W0_tanimoto_matrix": 1.0,
    "cheaha_vina_top20": 1.0
  }
}