{
  "cooldowns": {
    "L0_wiki_interlink_batch": 1776785459.393093,
    "W0_scaffold_cluster": 1776786068.244082,
    "W0_qed_lipinski_filter": 1776786334.053442,
    "W0_tanimoto_matrix": 1776785122.67195,
    "W0_utilization_booster": 1776784854.086435
  },
  "weights": {
    "L0_wiki_interlink_batch": 1.0,
    "W0_scaffold_cluster": 1.0,
    "W0_qed_lipinski_filter": 1.0,
    "W0_tanimoto_matrix": 1.0,
    "cheaha_vina_top20": 1.0
  }
}