{
  "cooldowns": {
    "L0_wiki_interlink_batch": 1776657324.140911,
    "W0_scaffold_cluster": 1776657656.4450161,
    "W0_qed_lipinski_filter": 1776655815.175082,
    "W0_tanimoto_matrix": 1776656416.106186,
    "W0_utilization_booster": 1776656144.1085
  },
  "weights": {
    "L0_wiki_interlink_batch": 1.0,
    "W0_scaffold_cluster": 1.0,
    "W0_qed_lipinski_filter": 1.0,
    "W0_tanimoto_matrix": 1.0,
    "cheaha_vina_top20": 1.0
  }
}