{
  "cooldowns": {
    "L0_wiki_interlink_batch": 1776850842.722341,
    "W0_scaffold_cluster": 1776851422.919017,
    "W0_qed_lipinski_filter": 1776851745.8601139,
    "W0_tanimoto_matrix": 1776850516.734863,
    "W0_utilization_booster": 1776849608.935016
  },
  "weights": {
    "L0_wiki_interlink_batch": 1.0,
    "W0_scaffold_cluster": 1.0,
    "W0_qed_lipinski_filter": 1.0,
    "W0_tanimoto_matrix": 1.0,
    "cheaha_vina_top20": 1.0
  }
}