{
  "cooldowns": {
    "L0_wiki_interlink_batch": 1776641419.572942,
    "W0_scaffold_cluster": 1776641749.088598,
    "W0_qed_lipinski_filter": 1776642018.932859,
    "W0_tanimoto_matrix": 1776641160.982209,
    "W0_utilization_booster": 1776642936.0754461
  },
  "weights": {
    "L0_wiki_interlink_batch": 1.0,
    "W0_scaffold_cluster": 1.0,
    "W0_qed_lipinski_filter": 1.0,
    "W0_tanimoto_matrix": 1.0,
    "cheaha_vina_top20": 1.0
  }
}