{
  "cooldowns": {
    "L0_wiki_interlink_batch": 1776585664.128651,
    "W0_scaffold_cluster": 1776586253.037219,
    "W0_qed_lipinski_filter": 1776586843.4801579,
    "W0_tanimoto_matrix": 1776585334.7536588
  },
  "weights": {
    "L0_wiki_interlink_batch": 1.0,
    "W0_scaffold_cluster": 1.0,
    "W0_qed_lipinski_filter": 1.0,
    "W0_tanimoto_matrix": 1.0,
    "cheaha_vina_top20": 1.0
  }
}