{
  "cooldowns": {
    "L0_wiki_interlink_batch": 1776702871.392203,
    "W0_scaffold_cluster": 1776702934.9933171,
    "W0_qed_lipinski_filter": 1776701163.846774,
    "W0_tanimoto_matrix": 1776701765.843828,
    "W0_utilization_booster": 1776701433.7843041
  },
  "weights": {
    "L0_wiki_interlink_batch": 1.0,
    "W0_scaffold_cluster": 1.0,
    "W0_qed_lipinski_filter": 1.0,
    "W0_tanimoto_matrix": 1.0,
    "cheaha_vina_top20": 1.0
  }
}