{
  "cooldowns": {
    "L0_wiki_interlink_batch": 1776769551.559795,
    "W0_scaffold_cluster": 1776769826.570675,
    "W0_qed_lipinski_filter": 1776768023.767324,
    "W0_tanimoto_matrix": 1776768954.235931,
    "W0_utilization_booster": 1776768351.192277
  },
  "weights": {
    "L0_wiki_interlink_batch": 1.0,
    "W0_scaffold_cluster": 1.0,
    "W0_qed_lipinski_filter": 1.0,
    "W0_tanimoto_matrix": 1.0,
    "cheaha_vina_top20": 1.0
  }
}