{
  "cooldowns": {
    "L0_wiki_interlink_batch": 1776591951.649173,
    "W0_scaffold_cluster": 1776592535.294729,
    "W0_qed_lipinski_filter": 1776591038.058711,
    "W0_tanimoto_matrix": 1776591625.323852
  },
  "weights": {
    "L0_wiki_interlink_batch": 1.0,
    "W0_scaffold_cluster": 1.0,
    "W0_qed_lipinski_filter": 1.0,
    "W0_tanimoto_matrix": 1.0,
    "cheaha_vina_top20": 1.0
  }
}