{
  "cooldowns": {
    "L0_wiki_interlink_batch": 1776794756.753543,
    "W0_scaffold_cluster": 1776795359.8851829,
    "W0_qed_lipinski_filter": 1776795651.488457,
    "W0_tanimoto_matrix": 1776794426.637558,
    "W0_utilization_booster": 1776794161.485989
  },
  "weights": {
    "L0_wiki_interlink_batch": 1.0,
    "W0_scaffold_cluster": 1.0,
    "W0_qed_lipinski_filter": 1.0,
    "W0_tanimoto_matrix": 1.0,
    "cheaha_vina_top20": 1.0
  }
}