{
  "cooldowns": {
    "L0_wiki_interlink_batch": 1776879311.0351748,
    "W0_scaffold_cluster": 1776879650.070399,
    "W0_qed_lipinski_filter": 1776880256.208597,
    "W0_tanimoto_matrix": 1776879043.555796,
    "W0_utilization_booster": 1776880518.2910678
  },
  "weights": {
    "L0_wiki_interlink_batch": 1.0,
    "W0_scaffold_cluster": 1.0,
    "W0_qed_lipinski_filter": 1.0,
    "W0_tanimoto_matrix": 1.0,
    "cheaha_vina_top20": 1.0
  }
}