{
  "cooldowns": {
    "L0_wiki_interlink_batch": 1776801038.7295191,
    "W0_scaffold_cluster": 1776799547.099635,
    "W0_qed_lipinski_filter": 1776799823.124318,
    "W0_tanimoto_matrix": 1776800436.621023,
    "W0_utilization_booster": 1776800156.687516
  },
  "weights": {
    "L0_wiki_interlink_batch": 1.0,
    "W0_scaffold_cluster": 1.0,
    "W0_qed_lipinski_filter": 1.0,
    "W0_tanimoto_matrix": 1.0,
    "cheaha_vina_top20": 1.0
  }
}