{
  "cooldowns": {
    "L0_wiki_interlink_batch": 1776900956.260013,
    "W0_scaffold_cluster": 1776901233.6063008,
    "W0_qed_lipinski_filter": 1776899410.063046,
    "W0_tanimoto_matrix": 1776900350.652274,
    "W0_utilization_booster": 1776899738.869344
  },
  "weights": {
    "L0_wiki_interlink_batch": 1.0,
    "W0_scaffold_cluster": 1.0,
    "W0_qed_lipinski_filter": 1.0,
    "W0_tanimoto_matrix": 1.0,
    "cheaha_vina_top20": 1.0
  }
}