{
  "cooldowns": {
    "L0_wiki_interlink_batch": 1776619259.85761,
    "W0_scaffold_cluster": 1776619520.490282,
    "W0_qed_lipinski_filter": 1776619848.0595741,
    "W0_tanimoto_matrix": 1776618340.927307
  },
  "weights": {
    "L0_wiki_interlink_batch": 1.0,
    "W0_scaffold_cluster": 1.0,
    "W0_qed_lipinski_filter": 1.0,
    "W0_tanimoto_matrix": 1.0,
    "cheaha_vina_top20": 1.0
  }
}