{
  "cooldowns": {
    "L0_wiki_interlink_batch": 1776698473.9499002,
    "W0_scaffold_cluster": 1776698743.602955,
    "W0_qed_lipinski_filter": 1776699353.181618,
    "W0_tanimoto_matrix": 1776697863.835683,
    "W0_utilization_booster": 1776699630.2859771
  },
  "weights": {
    "L0_wiki_interlink_batch": 1.0,
    "W0_scaffold_cluster": 1.0,
    "W0_qed_lipinski_filter": 1.0,
    "W0_tanimoto_matrix": 1.0,
    "cheaha_vina_top20": 1.0
  }
}