{
  "cooldowns": {
    "L0_wiki_interlink_batch": 1776600061.327601,
    "W0_scaffold_cluster": 1776598560.2343721,
    "W0_qed_lipinski_filter": 1776599143.5512068,
    "W0_tanimoto_matrix": 1776599732.24663
  },
  "weights": {
    "L0_wiki_interlink_batch": 1.0,
    "W0_scaffold_cluster": 1.0,
    "W0_qed_lipinski_filter": 1.0,
    "W0_tanimoto_matrix": 1.0,
    "cheaha_vina_top20": 1.0
  }
}