{
  "cooldowns": {
    "L0_wiki_interlink_batch": 1776856827.0160441,
    "W0_scaffold_cluster": 1776857158.637989,
    "W0_qed_lipinski_filter": 1776855950.4981198,
    "W0_tanimoto_matrix": 1776856557.031163,
    "W0_utilization_booster": 1776856227.265131
  },
  "weights": {
    "L0_wiki_interlink_batch": 1.0,
    "W0_scaffold_cluster": 1.0,
    "W0_qed_lipinski_filter": 1.0,
    "W0_tanimoto_matrix": 1.0,
    "cheaha_vina_top20": 1.0
  }
}