{
  "cooldowns": {
    "L0_wiki_interlink_batch": 1776730939.806459,
    "W0_scaffold_cluster": 1776731524.481691,
    "W0_qed_lipinski_filter": 1776731716.7096992,
    "W0_tanimoto_matrix": 1776730584.8505862,
    "W0_utilization_booster": 1776730230.1797278
  },
  "weights": {
    "L0_wiki_interlink_batch": 1.0,
    "W0_scaffold_cluster": 1.0,
    "W0_qed_lipinski_filter": 1.0,
    "W0_tanimoto_matrix": 1.0,
    "cheaha_vina_top20": 1.0
  }
}