{
  "cooldowns": {
    "L0_wiki_interlink_batch": 1776834936.963306,
    "W0_scaffold_cluster": 1776836145.243573,
    "W0_qed_lipinski_filter": 1776836416.7375538,
    "W0_tanimoto_matrix": 1776834608.974331,
    "W0_utilization_booster": 1776836743.0402088
  },
  "weights": {
    "L0_wiki_interlink_batch": 1.0,
    "W0_scaffold_cluster": 1.0,
    "W0_qed_lipinski_filter": 1.0,
    "W0_tanimoto_matrix": 1.0,
    "cheaha_vina_top20": 1.0
  }
}