{
  "cooldowns": {
    "L0_wiki_interlink_batch": 1776596133.995889,
    "W0_scaffold_cluster": 1776596462.989331,
    "W0_qed_lipinski_filter": 1776597053.436019,
    "W0_tanimoto_matrix": 1776597643.889312
  },
  "weights": {
    "L0_wiki_interlink_batch": 1.0,
    "W0_scaffold_cluster": 1.0,
    "W0_qed_lipinski_filter": 1.0,
    "W0_tanimoto_matrix": 1.0,
    "cheaha_vina_top20": 1.0
  }
}