{
  "cooldowns": {
    "L0_wiki_interlink_batch": 1776692159.93795,
    "W0_scaffold_cluster": 1776690963.981915,
    "W0_qed_lipinski_filter": 1776691232.399008,
    "W0_tanimoto_matrix": 1776691830.5965838,
    "W0_utilization_booster": 1776691560.407969
  },
  "weights": {
    "L0_wiki_interlink_batch": 1.0,
    "W0_scaffold_cluster": 1.0,
    "W0_qed_lipinski_filter": 1.0,
    "W0_tanimoto_matrix": 1.0,
    "cheaha_vina_top20": 1.0
  }
}