{
  "cooldowns": {
    "L0_wiki_interlink_batch": 1776881130.840597,
    "W0_scaffold_cluster": 1776882940.2978098,
    "W0_qed_lipinski_filter": 1776880256.208597,
    "W0_tanimoto_matrix": 1776880858.630091,
    "W0_utilization_booster": 1776880518.2910678
  },
  "weights": {
    "L0_wiki_interlink_batch": 1.0,
    "W0_scaffold_cluster": 1.0,
    "W0_qed_lipinski_filter": 1.0,
    "W0_tanimoto_matrix": 1.0,
    "cheaha_vina_top20": 1.0
  }
}