{
  "cooldowns": {
    "L0_wiki_interlink_batch": 1776621356.894563,
    "W0_scaffold_cluster": 1776621623.0736508,
    "W0_qed_lipinski_filter": 1776621956.7238662,
    "W0_tanimoto_matrix": 1776620436.43308,
    "W0_utilization_booster": 1776623133.882995
  },
  "weights": {
    "L0_wiki_interlink_batch": 1.0,
    "W0_scaffold_cluster": 1.0,
    "W0_qed_lipinski_filter": 1.0,
    "W0_tanimoto_matrix": 1.0,
    "cheaha_vina_top20": 1.0
  }
}