{
  "cooldowns": {
    "L0_wiki_interlink_batch": 1776650423.0133781,
    "W0_scaffold_cluster": 1776650758.874968,
    "W0_qed_lipinski_filter": 1776648363.058002,
    "W0_tanimoto_matrix": 1776650161.563854,
    "W0_utilization_booster": 1776649228.039948
  },
  "weights": {
    "L0_wiki_interlink_batch": 1.0,
    "W0_scaffold_cluster": 1.0,
    "W0_qed_lipinski_filter": 1.0,
    "W0_tanimoto_matrix": 1.0,
    "cheaha_vina_top20": 1.0
  }
}