{
  "cooldowns": {
    "L0_wiki_interlink_batch": 1776839413.41583,
    "W0_scaffold_cluster": 1776838213.444891,
    "W0_qed_lipinski_filter": 1776838542.364374,
    "W0_tanimoto_matrix": 1776839145.9403782,
    "W0_utilization_booster": 1776838817.986209
  },
  "weights": {
    "L0_wiki_interlink_batch": 1.0,
    "W0_scaffold_cluster": 1.0,
    "W0_qed_lipinski_filter": 1.0,
    "W0_tanimoto_matrix": 1.0,
    "cheaha_vina_top20": 1.0
  }
}