{
  "cooldowns": {
    "L0_wiki_interlink_batch": 1776636620.21281,
    "W0_scaffold_cluster": 1776636945.6553211,
    "W0_qed_lipinski_filter": 1776637865.255841,
    "W0_tanimoto_matrix": 1776636350.812086,
    "W0_utilization_booster": 1776638128.9249501
  },
  "weights": {
    "L0_wiki_interlink_batch": 1.0,
    "W0_scaffold_cluster": 1.0,
    "W0_qed_lipinski_filter": 1.0,
    "W0_tanimoto_matrix": 1.0,
    "cheaha_vina_top20": 1.0
  }
}