{
  "cooldowns": {
    "L0_wiki_interlink_batch": 1776841845.8658948,
    "W0_scaffold_cluster": 1776842117.340775,
    "W0_qed_lipinski_filter": 1776840359.034128,
    "W0_tanimoto_matrix": 1776841236.9582279,
    "W0_utilization_booster": 1776840629.375335
  },
  "weights": {
    "L0_wiki_interlink_batch": 1.0,
    "W0_scaffold_cluster": 1.0,
    "W0_qed_lipinski_filter": 1.0,
    "W0_tanimoto_matrix": 1.0,
    "cheaha_vina_top20": 1.0
  }
}