{
  "cooldowns": {
    "L0_wiki_interlink_batch": 1776774636.7133281,
    "W0_scaffold_cluster": 1776775236.488981,
    "W0_qed_lipinski_filter": 1776775560.8929641,
    "W0_tanimoto_matrix": 1776776157.326387,
    "W0_utilization_booster": 1776775828.555085
  },
  "weights": {
    "L0_wiki_interlink_batch": 1.0,
    "W0_scaffold_cluster": 1.0,
    "W0_qed_lipinski_filter": 1.0,
    "W0_tanimoto_matrix": 1.0,
    "cheaha_vina_top20": 1.0
  }
}