{
  "cooldowns": {
    "L0_wiki_interlink_batch": 1776676560.373424,
    "W0_scaffold_cluster": 1776676825.521591,
    "W0_qed_lipinski_filter": 1776677151.267612,
    "W0_tanimoto_matrix": 1776676233.580561,
    "W0_utilization_booster": 1776677750.247741
  },
  "weights": {
    "L0_wiki_interlink_batch": 1.0,
    "W0_scaffold_cluster": 1.0,
    "W0_qed_lipinski_filter": 1.0,
    "W0_tanimoto_matrix": 1.0,
    "cheaha_vina_top20": 1.0
  }
}