{
  "cooldowns": {
    "L0_wiki_interlink_batch": 1776867041.0367072,
    "W0_scaffold_cluster": 1776867636.797107,
    "W0_qed_lipinski_filter": 1776868231.2003279,
    "W0_tanimoto_matrix": 1776866436.3632681,
    "W0_utilization_booster": 1776865835.901778
  },
  "weights": {
    "L0_wiki_interlink_batch": 1.0,
    "W0_scaffold_cluster": 1.0,
    "W0_qed_lipinski_filter": 1.0,
    "W0_tanimoto_matrix": 1.0,
    "cheaha_vina_top20": 1.0
  }
}