{
  "cooldowns": {
    "L0_wiki_interlink_batch": 1776765036.133065,
    "W0_scaffold_cluster": 1776765633.952735,
    "W0_qed_lipinski_filter": 1776765961.4344199,
    "W0_tanimoto_matrix": 1776766836.310241,
    "W0_utilization_booster": 1776766225.366667
  },
  "weights": {
    "L0_wiki_interlink_batch": 1.0,
    "W0_scaffold_cluster": 1.0,
    "W0_qed_lipinski_filter": 1.0,
    "W0_tanimoto_matrix": 1.0,
    "cheaha_vina_top20": 1.0
  }
}