{
  "cooldowns": {
    "L0_wiki_interlink_batch": 1776741037.215178,
    "W0_scaffold_cluster": 1776747012.442328,
    "W0_qed_lipinski_filter": 1776750305.369683,
    "W0_tanimoto_matrix": 1776740717.531144,
    "W0_utilization_booster": 1776750625.085964
  },
  "weights": {
    "L0_wiki_interlink_batch": 1.0,
    "W0_scaffold_cluster": 1.0,
    "W0_qed_lipinski_filter": 1.0,
    "W0_tanimoto_matrix": 1.0,
    "cheaha_vina_top20": 1.0
  }
}