{
  "cooldowns": {
    "L0_wiki_interlink_batch": 1776780962.79564,
    "W0_scaffold_cluster": 1776781233.1329322,
    "W0_qed_lipinski_filter": 1776781839.924043,
    "W0_tanimoto_matrix": 1776782701.889201,
    "W0_utilization_booster": 1776782442.19233
  },
  "weights": {
    "L0_wiki_interlink_batch": 1.0,
    "W0_scaffold_cluster": 1.0,
    "W0_qed_lipinski_filter": 1.0,
    "W0_tanimoto_matrix": 1.0,
    "cheaha_vina_top20": 1.0
  }
}