{
  "cooldowns": {
    "L0_wiki_interlink_batch": 1776871225.5691671,
    "W0_scaffold_cluster": 1776871827.08196,
    "W0_qed_lipinski_filter": 1776872158.144518,
    "W0_tanimoto_matrix": 1776870951.360427,
    "W0_utilization_booster": 1776872434.1510358
  },
  "weights": {
    "L0_wiki_interlink_batch": 1.0,
    "W0_scaffold_cluster": 1.0,
    "W0_qed_lipinski_filter": 1.0,
    "W0_tanimoto_matrix": 1.0,
    "cheaha_vina_top20": 1.0
  }
}