{
  "cooldowns": {
    "L0_wiki_interlink_batch": 1776756037.308564,
    "W0_scaffold_cluster": 1776756640.9547288,
    "W0_qed_lipinski_filter": 1776756904.348418,
    "W0_tanimoto_matrix": 1776757839.716625,
    "W0_utilization_booster": 1776757242.322468
  },
  "weights": {
    "L0_wiki_interlink_batch": 1.0,
    "W0_scaffold_cluster": 1.0,
    "W0_qed_lipinski_filter": 1.0,
    "W0_tanimoto_matrix": 1.0,
    "cheaha_vina_top20": 1.0
  }
}