{
  "cooldowns": {
    "L0_wiki_interlink_batch": 1776573332.213396,
    "W0_scaffold_cluster": 1776573930.19431,
    "W0_qed_lipinski_filter": 1776574257.143359,
    "W0_tanimoto_matrix": 1776575102.9331782
  },
  "weights": {
    "L0_wiki_interlink_batch": 1.0,
    "W0_scaffold_cluster": 1.0,
    "W0_qed_lipinski_filter": 1.0,
    "W0_tanimoto_matrix": 1.0,
    "cheaha_vina_top20": 1.0
  }
}