{
  "cooldowns": {
    "L0_wiki_interlink_batch": 1776623724.4321878,
    "W0_scaffold_cluster": 1776624052.045284,
    "W0_qed_lipinski_filter": 1776624313.8927639,
    "W0_tanimoto_matrix": 1776623462.5977159,
    "W0_utilization_booster": 1776625232.352994
  },
  "weights": {
    "L0_wiki_interlink_batch": 1.0,
    "W0_scaffold_cluster": 1.0,
    "W0_qed_lipinski_filter": 1.0,
    "W0_tanimoto_matrix": 1.0,
    "cheaha_vina_top20": 1.0
  }
}