{
  "cooldowns": {
    "L0_wiki_interlink_batch": 1776898865.363156,
    "W0_scaffold_cluster": 1776899136.601961,
    "W0_qed_lipinski_filter": 1776899410.063046,
    "W0_tanimoto_matrix": 1776898526.0263958,
    "W0_utilization_booster": 1776897612.3384058
  },
  "weights": {
    "L0_wiki_interlink_batch": 1.0,
    "W0_scaffold_cluster": 1.0,
    "W0_qed_lipinski_filter": 1.0,
    "W0_tanimoto_matrix": 1.0,
    "cheaha_vina_top20": 1.0
  }
}