{
  "cooldowns": {
    "L0_wiki_interlink_batch": 1776728422.5259252,
    "W0_scaffold_cluster": 1776729343.7889159,
    "W0_qed_lipinski_filter": 1776729697.7046862,
    "W0_tanimoto_matrix": 1776728159.187048,
    "W0_utilization_booster": 1776730230.1797278
  },
  "weights": {
    "L0_wiki_interlink_batch": 1.0,
    "W0_scaffold_cluster": 1.0,
    "W0_qed_lipinski_filter": 1.0,
    "W0_tanimoto_matrix": 1.0,
    "cheaha_vina_top20": 1.0
  }
}