{
  "cooldowns": {
    "L0_wiki_interlink_batch": 1776674159.67995,
    "W0_scaffold_cluster": 1776674425.204944,
    "W0_qed_lipinski_filter": 1776675348.697751,
    "W0_tanimoto_matrix": 1776676233.580561,
    "W0_utilization_booster": 1776675638.531559
  },
  "weights": {
    "L0_wiki_interlink_batch": 1.0,
    "W0_scaffold_cluster": 1.0,
    "W0_qed_lipinski_filter": 1.0,
    "W0_tanimoto_matrix": 1.0,
    "cheaha_vina_top20": 1.0
  }
}