{
  "cooldowns": {
    "L0_wiki_interlink_batch": 1776810354.424316,
    "W0_scaffold_cluster": 1776810626.606174,
    "W0_qed_lipinski_filter": 1776810958.214918,
    "W0_tanimoto_matrix": 1776809144.985682,
    "W0_utilization_booster": 1776808813.718406
  },
  "weights": {
    "L0_wiki_interlink_batch": 1.0,
    "W0_scaffold_cluster": 1.0,
    "W0_qed_lipinski_filter": 1.0,
    "W0_tanimoto_matrix": 1.0,
    "cheaha_vina_top20": 1.0
  }
}