{
  "cooldowns": {
    "L0_wiki_interlink_batch": 1776869161.6017349,
    "W0_scaffold_cluster": 1776867636.797107,
    "W0_qed_lipinski_filter": 1776868231.2003279,
    "W0_tanimoto_matrix": 1776868833.5786371,
    "W0_utilization_booster": 1776868557.970248
  },
  "weights": {
    "L0_wiki_interlink_batch": 1.0,
    "W0_scaffold_cluster": 1.0,
    "W0_qed_lipinski_filter": 1.0,
    "W0_tanimoto_matrix": 1.0,
    "cheaha_vina_top20": 1.0
  }
}