{
  "cooldowns": {
    "L0_wiki_interlink_batch": 1776652833.527331,
    "W0_scaffold_cluster": 1776653160.548102,
    "W0_qed_lipinski_filter": 1776653428.3104699,
    "W0_tanimoto_matrix": 1776654350.215022,
    "W0_utilization_booster": 1776653755.55368
  },
  "weights": {
    "L0_wiki_interlink_batch": 1.0,
    "W0_scaffold_cluster": 1.0,
    "W0_qed_lipinski_filter": 1.0,
    "W0_tanimoto_matrix": 1.0,
    "cheaha_vina_top20": 1.0
  }
}