{
  "cooldowns": {
    "L0_wiki_interlink_batch": 1776787550.3425422,
    "W0_scaffold_cluster": 1776788154.621293,
    "W0_qed_lipinski_filter": 1776786334.053442,
    "W0_tanimoto_matrix": 1776787216.6191711,
    "W0_utilization_booster": 1776786941.682442
  },
  "weights": {
    "L0_wiki_interlink_batch": 1.0,
    "W0_scaffold_cluster": 1.0,
    "W0_qed_lipinski_filter": 1.0,
    "W0_tanimoto_matrix": 1.0,
    "cheaha_vina_top20": 1.0
  }
}