{
  "cooldowns": {
    "L0_wiki_interlink_batch": 1776728422.5259252,
    "W0_scaffold_cluster": 1776727253.186684,
    "W0_qed_lipinski_filter": 1776727540.692794,
    "W0_tanimoto_matrix": 1776728159.187048,
    "W0_utilization_booster": 1776727895.034208
  },
  "weights": {
    "L0_wiki_interlink_batch": 1.0,
    "W0_scaffold_cluster": 1.0,
    "W0_qed_lipinski_filter": 1.0,
    "W0_tanimoto_matrix": 1.0,
    "cheaha_vina_top20": 1.0
  }
}