{
  "cooldowns": {
    "L0_wiki_interlink_batch": 1776594044.165708,
    "W0_scaffold_cluster": 1776594632.8702211,
    "W0_qed_lipinski_filter": 1776592864.2859762,
    "W0_tanimoto_matrix": 1776593454.598572
  },
  "weights": {
    "L0_wiki_interlink_batch": 1.0,
    "W0_scaffold_cluster": 1.0,
    "W0_qed_lipinski_filter": 1.0,
    "W0_tanimoto_matrix": 1.0,
    "cheaha_vina_top20": 1.0
  }
}