{
  "cooldowns": {
    "L0_wiki_interlink_batch": 1776663644.681768,
    "W0_scaffold_cluster": 1776661867.043312,
    "W0_qed_lipinski_filter": 1776662129.911061,
    "W0_tanimoto_matrix": 1776662725.2532969,
    "W0_utilization_booster": 1776662462.502649
  },
  "weights": {
    "L0_wiki_interlink_batch": 1.0,
    "W0_scaffold_cluster": 1.0,
    "W0_qed_lipinski_filter": 1.0,
    "W0_tanimoto_matrix": 1.0,
    "cheaha_vina_top20": 1.0
  }
}