{
  "cooldowns": {
    "L0_wiki_interlink_batch": 1776647757.7549582,
    "W0_scaffold_cluster": 1776645942.9531,
    "W0_qed_lipinski_filter": 1776646219.7296,
    "W0_tanimoto_matrix": 1776647422.313183,
    "W0_utilization_booster": 1776647155.459167
  },
  "weights": {
    "L0_wiki_interlink_batch": 1.0,
    "W0_scaffold_cluster": 1.0,
    "W0_qed_lipinski_filter": 1.0,
    "W0_tanimoto_matrix": 1.0,
    "cheaha_vina_top20": 1.0
  }
}