{
  "cooldowns": {
    "L0_wiki_interlink_batch": 1776839413.41583,
    "W0_scaffold_cluster": 1776840028.616745,
    "W0_qed_lipinski_filter": 1776840359.034128,
    "W0_tanimoto_matrix": 1776839145.9403782,
    "W0_utilization_booster": 1776840629.375335
  },
  "weights": {
    "L0_wiki_interlink_batch": 1.0,
    "W0_scaffold_cluster": 1.0,
    "W0_qed_lipinski_filter": 1.0,
    "W0_tanimoto_matrix": 1.0,
    "cheaha_vina_top20": 1.0
  }
}