{
  "cooldowns": {
    "L0_wiki_interlink_batch": 1776724371.782984,
    "W0_scaffold_cluster": 1776724842.619883,
    "W0_qed_lipinski_filter": 1776725113.776785,
    "W0_tanimoto_matrix": 1776723715.388936,
    "W0_utilization_booster": 1776723117.781853
  },
  "weights": {
    "L0_wiki_interlink_batch": 1.0,
    "W0_scaffold_cluster": 1.0,
    "W0_qed_lipinski_filter": 1.0,
    "W0_tanimoto_matrix": 1.0,
    "cheaha_vina_top20": 1.0
  }
}