{
  "cooldowns": {
    "L0_wiki_interlink_batch": 1776709284.447156,
    "W0_scaffold_cluster": 1776709560.999975,
    "W0_qed_lipinski_filter": 1776709955.3689501,
    "W0_tanimoto_matrix": 1776708672.310503,
    "W0_utilization_booster": 1776708206.729867
  },
  "weights": {
    "L0_wiki_interlink_batch": 1.0,
    "W0_scaffold_cluster": 1.0,
    "W0_qed_lipinski_filter": 1.0,
    "W0_tanimoto_matrix": 1.0,
    "cheaha_vina_top20": 1.0
  }
}