{
  "cooldowns": {
    "L0_wiki_interlink_batch": 1776634514.2897542,
    "W0_scaffold_cluster": 1776634843.295868,
    "W0_qed_lipinski_filter": 1776633659.337466,
    "W0_tanimoto_matrix": 1776634251.7004778,
    "W0_utilization_booster": 1776633921.7992032
  },
  "weights": {
    "L0_wiki_interlink_batch": 1.0,
    "W0_scaffold_cluster": 1.0,
    "W0_qed_lipinski_filter": 1.0,
    "W0_tanimoto_matrix": 1.0,
    "cheaha_vina_top20": 1.0
  }
}