{
  "cooldowns": {
    "L0_wiki_interlink_batch": 1776822917.400773,
    "W0_scaffold_cluster": 1776824150.315084,
    "W0_qed_lipinski_filter": 1776819642.766727,
    "W0_tanimoto_matrix": 1776820565.549897,
    "W0_utilization_booster": 1776820232.443788
  },
  "weights": {
    "L0_wiki_interlink_batch": 1.0,
    "W0_scaffold_cluster": 1.0,
    "W0_qed_lipinski_filter": 1.0,
    "W0_tanimoto_matrix": 1.0,
    "cheaha_vina_top20": 1.0
  }
}