{
  "cooldowns": {
    "L0_wiki_interlink_batch": 1776688556.487333,
    "W0_scaffold_cluster": 1776689159.1842282,
    "W0_qed_lipinski_filter": 1776687624.52129,
    "W0_tanimoto_matrix": 1776688227.4182148,
    "W0_utilization_booster": 1776687951.7086139
  },
  "weights": {
    "L0_wiki_interlink_batch": 1.0,
    "W0_scaffold_cluster": 1.0,
    "W0_qed_lipinski_filter": 1.0,
    "W0_tanimoto_matrix": 1.0,
    "cheaha_vina_top20": 1.0
  }
}