{
  "cooldowns": {
    "L0_wiki_interlink_batch": 1776625824.3619819,
    "W0_scaffold_cluster": 1776626148.292895,
    "W0_qed_lipinski_filter": 1776626416.4411361,
    "W0_tanimoto_matrix": 1776625556.3258429,
    "W0_utilization_booster": 1776627333.215359
  },
  "weights": {
    "L0_wiki_interlink_batch": 1.0,
    "W0_scaffold_cluster": 1.0,
    "W0_qed_lipinski_filter": 1.0,
    "W0_tanimoto_matrix": 1.0,
    "cheaha_vina_top20": 1.0
  }
}