{
  "cooldowns": {
    "L0_wiki_interlink_batch": 1776787550.3425422,
    "W0_scaffold_cluster": 1776788154.621293,
    "W0_qed_lipinski_filter": 1776788431.681018,
    "W0_tanimoto_matrix": 1776789360.308445,
    "W0_utilization_booster": 1776789032.187965
  },
  "weights": {
    "L0_wiki_interlink_batch": 1.0,
    "W0_scaffold_cluster": 1.0,
    "W0_qed_lipinski_filter": 1.0,
    "W0_tanimoto_matrix": 1.0,
    "cheaha_vina_top20": 1.0
  }
}