{
  "cooldowns": {
    "L0_wiki_interlink_batch": 1776756037.308564,
    "W0_scaffold_cluster": 1776754252.815905,
    "W0_qed_lipinski_filter": 1776754845.685389,
    "W0_tanimoto_matrix": 1776755442.6374211,
    "W0_utilization_booster": 1776755108.969617
  },
  "weights": {
    "L0_wiki_interlink_batch": 1.0,
    "W0_scaffold_cluster": 1.0,
    "W0_qed_lipinski_filter": 1.0,
    "W0_tanimoto_matrix": 1.0,
    "cheaha_vina_top20": 1.0
  }
}