{
  "cooldowns": {
    "L0_wiki_interlink_batch": 1776682818.518544,
    "W0_scaffold_cluster": 1776683144.667722,
    "W0_qed_lipinski_filter": 1776683417.467179,
    "W0_tanimoto_matrix": 1776682544.288619,
    "W0_utilization_booster": 1776683746.431434
  },
  "weights": {
    "L0_wiki_interlink_batch": 1.0,
    "W0_scaffold_cluster": 1.0,
    "W0_qed_lipinski_filter": 1.0,
    "W0_tanimoto_matrix": 1.0,
    "cheaha_vina_top20": 1.0
  }
}