{
  "cooldowns": {
    "L0_wiki_interlink_batch": 1776632412.938578,
    "W0_scaffold_cluster": 1776632736.8162282,
    "W0_qed_lipinski_filter": 1776631553.23939,
    "W0_tanimoto_matrix": 1776632144.444874,
    "W0_utilization_booster": 1776631816.44473
  },
  "weights": {
    "L0_wiki_interlink_batch": 1.0,
    "W0_scaffold_cluster": 1.0,
    "W0_qed_lipinski_filter": 1.0,
    "W0_tanimoto_matrix": 1.0,
    "cheaha_vina_top20": 1.0
  }
}