{
  "cooldowns": {
    "L0_wiki_interlink_batch": 1776715550.174329,
    "W0_scaffold_cluster": 1776713558.971956,
    "W0_qed_lipinski_filter": 1776714060.661477,
    "W0_tanimoto_matrix": 1776715323.0358531,
    "W0_utilization_booster": 1776714651.9228039
  },
  "weights": {
    "L0_wiki_interlink_batch": 1.0,
    "W0_scaffold_cluster": 1.0,
    "W0_qed_lipinski_filter": 1.0,
    "W0_tanimoto_matrix": 1.0,
    "cheaha_vina_top20": 1.0
  }
}