{
  "cooldowns": {
    "L0_wiki_interlink_batch": 1776583833.5054789,
    "W0_scaffold_cluster": 1776584160.6902778,
    "W0_qed_lipinski_filter": 1776584744.0265532,
    "W0_tanimoto_matrix": 1776583245.705108
  },
  "weights": {
    "L0_wiki_interlink_batch": 1.0,
    "W0_scaffold_cluster": 1.0,
    "W0_qed_lipinski_filter": 1.0,
    "W0_tanimoto_matrix": 1.0,
    "cheaha_vina_top20": 1.0
  }
}