{
  "cooldowns": {
    "L0_wiki_interlink_batch": 1776884153.6042728,
    "W0_scaffold_cluster": 1776884755.9509828,
    "W0_qed_lipinski_filter": 1776885032.310832,
    "W0_tanimoto_matrix": 1776886248.0763981,
    "W0_utilization_booster": 1776885633.535479
  },
  "weights": {
    "L0_wiki_interlink_batch": 1.0,
    "W0_scaffold_cluster": 1.0,
    "W0_qed_lipinski_filter": 1.0,
    "W0_tanimoto_matrix": 1.0,
    "cheaha_vina_top20": 1.0
  }
}