{
  "cooldowns": {
    "L0_wiki_interlink_batch": 1776903302.873444,
    "W0_scaffold_cluster": 1776901233.6063008,
    "W0_qed_lipinski_filter": 1776901832.783422,
    "W0_tanimoto_matrix": 1776903042.440779,
    "W0_utilization_booster": 1776902436.3481028
  },
  "weights": {
    "L0_wiki_interlink_batch": 1.0,
    "W0_scaffold_cluster": 1.0,
    "W0_qed_lipinski_filter": 1.0,
    "W0_tanimoto_matrix": 1.0,
    "cheaha_vina_top20": 1.0
  }
}