{
  "cooldowns": {
    "L0_wiki_interlink_batch": 1776789625.883658,
    "W0_scaffold_cluster": 1776790231.9945998,
    "W0_qed_lipinski_filter": 1776790839.0104299,
    "W0_tanimoto_matrix": 1776789360.308445,
    "W0_utilization_booster": 1776789032.187965
  },
  "weights": {
    "L0_wiki_interlink_batch": 1.0,
    "W0_scaffold_cluster": 1.0,
    "W0_qed_lipinski_filter": 1.0,
    "W0_tanimoto_matrix": 1.0,
    "cheaha_vina_top20": 1.0
  }
}