{
  "cooldowns": {
    "L0_wiki_interlink_batch": 1776680743.537635,
    "W0_scaffold_cluster": 1776681015.836957,
    "W0_qed_lipinski_filter": 1776681344.450308,
    "W0_tanimoto_matrix": 1776680418.5189388,
    "W0_utilization_booster": 1776679818.762644
  },
  "weights": {
    "L0_wiki_interlink_batch": 1.0,
    "W0_scaffold_cluster": 1.0,
    "W0_qed_lipinski_filter": 1.0,
    "W0_tanimoto_matrix": 1.0,
    "cheaha_vina_top20": 1.0
  }
}