{
  "cooldowns": {
    "L0_wiki_interlink_batch": 1776886513.532088,
    "W0_scaffold_cluster": 1776886849.026953,
    "W0_qed_lipinski_filter": 1776887114.452849,
    "W0_tanimoto_matrix": 1776886248.0763981,
    "W0_utilization_booster": 1776887454.2966201
  },
  "weights": {
    "L0_wiki_interlink_batch": 1.0,
    "W0_scaffold_cluster": 1.0,
    "W0_qed_lipinski_filter": 1.0,
    "W0_tanimoto_matrix": 1.0,
    "cheaha_vina_top20": 1.0
  }
}