{
  "cooldowns": {
    "L0_wiki_interlink_batch": 1776713154.653901,
    "W0_scaffold_cluster": 1776713558.971956,
    "W0_qed_lipinski_filter": 1776711945.890802,
    "W0_tanimoto_matrix": 1776712842.0041752,
    "W0_utilization_booster": 1776712261.786122
  },
  "weights": {
    "L0_wiki_interlink_batch": 1.0,
    "W0_scaffold_cluster": 1.0,
    "W0_qed_lipinski_filter": 1.0,
    "W0_tanimoto_matrix": 1.0,
    "cheaha_vina_top20": 1.0
  }
}