{
  "cooldowns": {
    "L0_wiki_interlink_batch": 1776692159.93795,
    "W0_scaffold_cluster": 1776693031.9829109,
    "W0_qed_lipinski_filter": 1776693361.201535,
    "W0_tanimoto_matrix": 1776691830.5965838,
    "W0_utilization_booster": 1776693630.639999
  },
  "weights": {
    "L0_wiki_interlink_batch": 1.0,
    "W0_scaffold_cluster": 1.0,
    "W0_qed_lipinski_filter": 1.0,
    "W0_tanimoto_matrix": 1.0,
    "cheaha_vina_top20": 1.0
  }
}