{
  "cooldowns": {
    "L0_wiki_interlink_batch": 1776765036.133065,
    "W0_scaffold_cluster": 1776762633.68096,
    "W0_qed_lipinski_filter": 1776763235.116897,
    "W0_tanimoto_matrix": 1776764440.566568,
    "W0_utilization_booster": 1776763836.5656462
  },
  "weights": {
    "L0_wiki_interlink_batch": 1.0,
    "W0_scaffold_cluster": 1.0,
    "W0_qed_lipinski_filter": 1.0,
    "W0_tanimoto_matrix": 1.0,
    "cheaha_vina_top20": 1.0
  }
}