{
  "cooldowns": {
    "L0_wiki_interlink_batch": 1776877226.789802,
    "W0_scaffold_cluster": 1776877561.7335522,
    "W0_qed_lipinski_filter": 1776878159.555548,
    "W0_tanimoto_matrix": 1776876951.933224,
    "W0_utilization_booster": 1776876620.447653
  },
  "weights": {
    "L0_wiki_interlink_batch": 1.0,
    "W0_scaffold_cluster": 1.0,
    "W0_qed_lipinski_filter": 1.0,
    "W0_tanimoto_matrix": 1.0,
    "cheaha_vina_top20": 1.0
  }
}