{
  "cooldowns": {
    "L0_wiki_interlink_batch": 1776854740.9002721,
    "W0_scaffold_cluster": 1776855349.537902,
    "W0_qed_lipinski_filter": 1776855950.4981198,
    "W0_tanimoto_matrix": 1776854413.49824,
    "W0_utilization_booster": 1776854139.918795
  },
  "weights": {
    "L0_wiki_interlink_batch": 1.0,
    "W0_scaffold_cluster": 1.0,
    "W0_qed_lipinski_filter": 1.0,
    "W0_tanimoto_matrix": 1.0,
    "cheaha_vina_top20": 1.0
  }
}