{
  "cooldowns": {
    "L0_wiki_interlink_batch": 1776803715.945374,
    "W0_scaffold_cluster": 1776804053.1384478,
    "W0_qed_lipinski_filter": 1776801915.371788,
    "W0_tanimoto_matrix": 1776803454.653546,
    "W0_utilization_booster": 1776802262.4243588
  },
  "weights": {
    "L0_wiki_interlink_batch": 1.0,
    "W0_scaffold_cluster": 1.0,
    "W0_qed_lipinski_filter": 1.0,
    "W0_tanimoto_matrix": 1.0,
    "cheaha_vina_top20": 1.0
  }
}