{
  "cooldowns": {
    "L0_wiki_interlink_batch": 1776669917.6382751,
    "W0_scaffold_cluster": 1776670252.109809,
    "W0_qed_lipinski_filter": 1776668724.085361,
    "W0_tanimoto_matrix": 1776669321.553946,
    "W0_utilization_booster": 1776669056.686084
  },
  "weights": {
    "L0_wiki_interlink_batch": 1.0,
    "W0_scaffold_cluster": 1.0,
    "W0_qed_lipinski_filter": 1.0,
    "W0_tanimoto_matrix": 1.0,
    "cheaha_vina_top20": 1.0
  }
}