{
  "cooldowns": {
    "L0_wiki_interlink_batch": 1776735058.51368,
    "W0_scaffold_cluster": 1776735652.3361049,
    "W0_qed_lipinski_filter": 1776734143.805281,
    "W0_tanimoto_matrix": 1776734729.240087,
    "W0_utilization_booster": 1776734408.258601
  },
  "weights": {
    "L0_wiki_interlink_batch": 1.0,
    "W0_scaffold_cluster": 1.0,
    "W0_qed_lipinski_filter": 1.0,
    "W0_tanimoto_matrix": 1.0,
    "cheaha_vina_top20": 1.0
  }
}