{
  "cooldowns": {
    "L0_wiki_interlink_batch": 1776896745.432926,
    "W0_scaffold_cluster": 1776897015.211019,
    "W0_qed_lipinski_filter": 1776895223.0340962,
    "W0_tanimoto_matrix": 1776896147.8057961,
    "W0_utilization_booster": 1776895550.6260679
  },
  "weights": {
    "L0_wiki_interlink_batch": 1.0,
    "W0_scaffold_cluster": 1.0,
    "W0_qed_lipinski_filter": 1.0,
    "W0_tanimoto_matrix": 1.0,
    "cheaha_vina_top20": 1.0
  }
}